age,workclass,fnlwgt,education,education-num,marital-status,occupation,relationship,race,sex,capital-gain,capital-loss,hours-per-week,native-country,income
56,Without-pay,31949,Masters,1,Separated,Sales,Not-in-family,Black,Male,5507,0,27,Canada,>50K
69,Never-worked,211152,Assoc-acdm,14,Never-married,Sales,Husband,White,Male,5507,0,13,China,<=50K
46,Self-emp-not-inc,309888,Assoc-voc,12,Separated,Farming-fishing,Husband,Black,Male,0,0,31,United-States,<=50K
32,Never-worked,186615,9th,4,Divorced,Machine-op-inspct,Other-relative,White,Female,0,1552,35,China,>50K
60,Local-gov,380463,HS-grad,4,Divorced,Prof-specialty,Other-relative,Other,Female,0,0,60,Canada,<=50K
25,Self-emp-not-inc,102193,Assoc-acdm,9,Separated,Other-service,Other-relative,Amer-Indian-Eskimo,Female,0,0,6,India,>50K
78,Self-emp-not-inc,46187,Assoc-voc,6,Widowed,Farming-fishing,Husband,White,Male,0,1552,69,Mexico,<=50K
38,Self-emp-not-inc,148311,Some-college,9,Widowed,Exec-managerial,Wife,Other,Female,0,1552,86,Mexico,>50K
56,Private,396598,11th,12,Divorced,Prof-specialty,Husband,Amer-Indian-Eskimo,Female,0,0,58,Germany,<=50K
75,Private,286633,Doctorate,15,Married-civ-spouse,Exec-managerial,Unmarried,Asian-Pac-Islander,Female,0,1552,49,Philippines,<=50K
36,Private,199089,9th,6,Widowed,Prof-specialty,Own-child,White,Male,0,1552,23,United-States,>50K
40,Local-gov,71877,Doctorate,6,Separated,Machine-op-inspct,Other-relative,White,Male,0,1552,89,England,>50K
28,Without-pay,446341,9th,5,Widowed,Handlers-cleaners,Wife,Asian-Pac-Islander,Female,5507,0,34,China,>50K
28,Never-worked,322066,Masters,5,Separated,Exec-managerial,Not-in-family,Asian-Pac-Islander,Female,0,1552,26,United-States,>50K
41,Federal-gov,104074,9th,2,Divorced,Farming-fishing,Not-in-family,White,Male,0,1552,47,Germany,<=50K
70,Self-emp-not-inc,173121,Doctorate,8,Widowed,Prof-specialty,Own-child,Asian-Pac-Islander,Male,0,0,5,Germany,>50K
53,Never-worked,47131,9th,8,Separated,Sales,Wife,Black,Female,0,1552,90,China,>50K
57,Self-emp-not-inc,446160,Some-college,11,Divorced,Adm-clerical,Husband,Amer-Indian-Eskimo,Male,0,1552,20,England,<=50K
41,Local-gov,125765,Masters,13,Married-civ-spouse,Sales,Husband,Amer-Indian-Eskimo,Female,0,0,6,Philippines,>50K
20,Self-emp-not-inc,346107,9th,1,Separated,Tech-support,Unmarried,Amer-Indian-Eskimo,Male,0,0,70,China,>50K
39,Private,116884,Assoc-acdm,8,Married-civ-spouse,Handlers-cleaners,Unmarried,Black,Female,0,0,59,China,<=50K
70,Federal-gov,135917,Bachelors,5,Married-civ-spouse,Handlers-cleaners,Husband,Asian-Pac-Islander,Female,0,1552,64,Canada,>50K
19,State-gov,296429,Assoc-voc,2,Never-married,Sales,Not-in-family,Other,Male,0,1552,18,England,>50K
41,Self-emp-not-inc,309770,Bachelors,14,Widowed,Other-service,Other-relative,Asian-Pac-Islander,Female,0,1552,4,Philippines,>50K
61,Never-worked,183880,Bachelors,2,Separated,Machine-op-inspct,Not-in-family,White,Female,0,0,17,Mexico,>50K
47,Private,491680,HS-grad,14,Married-civ-spouse,Exec-managerial,Unmarried,Amer-Indian-Eskimo,Female,5507,1552,14,Canada,>50K
55,State-gov,457087,Some-college,15,Never-married,Farming-fishing,Own-child,Asian-Pac-Islander,Male,0,1552,78,India,>50K
19,Federal-gov,291342,Assoc-acdm,15,Divorced,Handlers-cleaners,Husband,Other,Male,0,0,13,England,<=50K
77,State-gov,422974,11th,6,Separated,Sales,Unmarried,White,Male,5507,0,7,Philippines,>50K
38,Private,25254,9th,11,Married-civ-spouse,Sales,Unmarried,Black,Female,0,0,44,Germany,<=50K
50,Without-pay,54238,Assoc-voc,13,Widowed,Machine-op-inspct,Other-relative,Black,Male,0,1552,15,Canada,<=50K
29,Without-pay,11252,Masters,9,Never-married,Machine-op-inspct,Husband,Other,Female,5507,0,19,Philippines,<=50K
75,State-gov,311908,Assoc-acdm,1,Married-civ-spouse,Craft-repair,Other-relative,White,Female,0,1552,63,United-States,<=50K
39,Local-gov,349853,Doctorate,12,Widowed,Craft-repair,Husband,Amer-Indian-Eskimo,Male,0,0,35,China,>50K
78,Never-worked,440657,11th,6,Married-civ-spouse,Other-service,Other-relative,Asian-Pac-Islander,Male,0,0,81,India,>50K
61,Never-worked,495450,HS-grad,9,Separated,Other-service,Not-in-family,White,Female,5507,0,35,Mexico,>50K
42,State-gov,325826,HS-grad,8,Separated,Tech-support,Own-child,Black,Female,5507,0,19,China,<=50K
66,Self-emp-not-inc,331638,Assoc-acdm,11,Separated,Other-service,Own-child,Other,Male,0,0,20,United-States,>50K
44,Self-emp-not-inc,91317,Bachelors,6,Never-married,Prof-specialty,Husband,Other,Male,0,1552,35,United-States,>50K
76,Never-worked,337359,Doctorate,3,Separated,Machine-op-inspct,Wife,Asian-Pac-Islander,Male,0,0,32,India,>50K
59,Never-worked,88587,HS-grad,8,Widowed,Farming-fishing,Unmarried,Other,Female,0,1552,48,Mexico,<=50K
45,Without-pay,16949,Assoc-voc,9,Married-civ-spouse,Prof-specialty,Unmarried,Other,Female,0,0,44,Germany,<=50K
77,Local-gov,248897,HS-grad,1,Divorced,Exec-managerial,Husband,White,Female,0,0,24,Canada,>50K
33,Private,327537,Masters,12,Widowed,Sales,Other-relative,Amer-Indian-Eskimo,Female,0,1552,61,England,<=50K
32,Self-emp-not-inc,214625,9th,9,Widowed,Other-service,Wife,Asian-Pac-Islander,Female,0,0,17,Mexico,<=50K
79,Never-worked,148013,HS-grad,14,Separated,Sales,Not-in-family,White,Male,0,0,71,England,>50K
79,Without-pay,35934,Masters,15,Never-married,Handlers-cleaners,Other-relative,Amer-Indian-Eskimo,Male,0,1552,50,Philippines,<=50K
64,Federal-gov,426602,Assoc-acdm,6,Married-civ-spouse,Tech-support,Other-relative,White,Female,0,0,65,United-States,<=50K
79,Without-pay,266434,Assoc-acdm,6,Never-married,Handlers-cleaners,Husband,White,Female,0,0,32,Philippines,>50K
68,Self-emp-not-inc,465102,11th,12,Married-civ-spouse,Tech-support,Husband,Other,Male,0,0,36,Germany,<=50K
61,Self-emp-not-inc,347889,HS-grad,4,Married-civ-spouse,Craft-repair,Unmarried,Amer-Indian-Eskimo,Male,0,1552,13,Philippines,<=50K
72,Without-pay,486467,Assoc-voc,1,Never-married,Sales,Husband,Asian-Pac-Islander,Male,0,0,70,Mexico,<=50K
69,Private,366600,HS-grad,10,Widowed,Tech-support,Husband,Asian-Pac-Islander,Male,0,1552,58,Philippines,<=50K
74,State-gov,325557,Assoc-voc,8,Married-civ-spouse,Transport-moving,Husband,Amer-Indian-Eskimo,Female,0,0,14,Germany,<=50K
20,Self-emp-not-inc,460016,Some-college,2,Never-married,Transport-moving,Unmarried,Other,Male,0,0,37,Germany,<=50K
54,Without-pay,369383,11th,12,Married-civ-spouse,Transport-moving,Not-in-family,Black,Female,0,0,79,Germany,<=50K
68,Never-worked,314462,Some-college,1,Divorced,Adm-clerical,Not-in-family,White,Male,0,1552,68,Mexico,<=50K
24,Without-pay,260875,HS-grad,2,Widowed,Prof-specialty,Husband,Other,Male,0,1552,40,Germany,>50K
38,Local-gov,473389,11th,1,Separated,Tech-support,Unmarried,Amer-Indian-Eskimo,Male,0,0,59,United-States,>50K
26,State-gov,80390,Some-college,1,Married-civ-spouse,Tech-support,Not-in-family,White,Female,0,0,80,China,>50K
56,Federal-gov,193401,Bachelors,9,Divorced,Prof-specialty,Other-relative,Asian-Pac-Islander,Female,0,0,92,Germany,>50K
35,Private,263490,HS-grad,13,Separated,Sales,Not-in-family,Black,Male,0,0,16,Philippines,<=50K
21,Federal-gov,53088,Some-college,14,Separated,Sales,Not-in-family,Asian-Pac-Islander,Female,0,1552,62,Canada,>50K
42,State-gov,257940,Bachelors,1,Married-civ-spouse,Transport-moving,Unmarried,Amer-Indian-Eskimo,Female,5507,0,4,Philippines,>50K
77,State-gov,375340,Bachelors,13,Never-married,Prof-specialty,Other-relative,White,Male,0,0,45,Canada,<=50K
31,State-gov,443027,Assoc-acdm,4,Married-civ-spouse,Transport-moving,Unmarried,Amer-Indian-Eskimo,Male,5507,0,90,Philippines,<=50K
67,Federal-gov,327623,HS-grad,10,Divorced,Handlers-cleaners,Husband,White,Female,5507,0,28,Mexico,<=50K
75,Never-worked,226464,Bachelors,6,Separated,Adm-clerical,Own-child,Other,Female,0,0,96,Philippines,<=50K
26,State-gov,228441,Assoc-acdm,7,Married-civ-spouse,Farming-fishing,Not-in-family,Black,Female,0,0,66,Mexico,<=50K
43,Without-pay,292107,Some-college,2,Never-married,Exec-managerial,Own-child,Other,Male,5507,1552,31,Mexico,>50K
70,Federal-gov,327267,Masters,6,Married-civ-spouse,Adm-clerical,Unmarried,Other,Male,0,0,3,Germany,<=50K
19,State-gov,135911,HS-grad,7,Widowed,Sales,Unmarried,Amer-Indian-Eskimo,Female,5507,0,8,United-States,>50K
37,Without-pay,374612,11th,10,Never-married,Farming-fishing,Unmarried,Black,Male,5507,1552,24,Canada,>50K
45,Never-worked,233777,Assoc-voc,14,Divorced,Craft-repair,Own-child,White,Male,0,1552,15,Germany,<=50K
64,Local-gov,345621,Assoc-voc,10,Separated,Other-service,Unmarried,White,Female,0,1552,43,Germany,>50K
77,Never-worked,286532,Some-college,2,Married-civ-spouse,Transport-moving,Husband,Asian-Pac-Islander,Female,0,0,31,China,>50K
24,State-gov,15569,Some-college,15,Never-married,Tech-support,Unmarried,White,Male,0,0,73,Mexico,<=50K
61,Federal-gov,79836,Bachelors,2,Widowed,Prof-specialty,Wife,Amer-Indian-Eskimo,Male,5507,1552,45,Mexico,>50K
78,Self-emp-not-inc,114573,HS-grad,10,Never-married,Prof-specialty,Own-child,Other,Female,0,1552,66,Canada,>50K
25,State-gov,439802,Assoc-voc,7,Widowed,Tech-support,Wife,Other,Male,0,1552,8,Philippines,>50K
64,Self-emp-not-inc,268090,Assoc-voc,12,Divorced,Transport-moving,Unmarried,Other,Male,5507,0,71,Philippines,<=50K
52,Without-pay,153087,Bachelors,1,Separated,Other-service,Husband,Black,Female,0,0,57,England,<=50K
31,Local-gov,55002,Assoc-voc,8,Divorced,Exec-managerial,Not-in-family,White,Female,0,0,80,Germany,<=50K
34,Private,257666,11th,11,Married-civ-spouse,Other-service,Other-relative,Amer-Indian-Eskimo,Male,0,0,30,England,>50K
53,Never-worked,147326,HS-grad,13,Never-married,Farming-fishing,Other-relative,Black,Male,0,0,74,India,<=50K
67,Local-gov,420360,9th,3,Widowed,Other-service,Unmarried,Asian-Pac-Islander,Male,0,0,18,India,>50K
57,State-gov,165286,Assoc-voc,11,Widowed,Farming-fishing,Husband,Amer-Indian-Eskimo,Female,0,1552,69,England,<=50K
21,Self-emp-not-inc,221791,Some-college,6,Never-married,Other-service,Own-child,Amer-Indian-Eskimo,Male,0,0,93,Philippines,>50K
19,Never-worked,212846,11th,9,Never-married,Exec-managerial,Wife,Amer-Indian-Eskimo,Male,0,1552,39,India,<=50K
79,Self-emp-not-inc,147162,Assoc-voc,6,Married-civ-spouse,Exec-managerial,Wife,Other,Female,0,0,60,China,<=50K
23,Federal-gov,152709,11th,9,Divorced,Sales,Wife,Amer-Indian-Eskimo,Female,0,0,98,Philippines,>50K
71,Self-emp-not-inc,163487,Assoc-acdm,7,Widowed,Tech-support,Own-child,White,Male,0,1552,43,Mexico,<=50K
59,Federal-gov,34071,9th,15,Married-civ-spouse,Exec-managerial,Other-relative,Amer-Indian-Eskimo,Female,0,1552,45,Germany,>50K
21,Without-pay,68243,Doctorate,9,Divorced,Farming-fishing,Husband,Other,Female,0,1552,23,United-States,<=50K
71,Never-worked,397971,Some-college,2,Married-civ-spouse,Exec-managerial,Own-child,Amer-Indian-Eskimo,Male,0,0,69,Germany,<=50K
46,Never-worked,380359,Some-college,12,Widowed,Sales,Wife,Asian-Pac-Islander,Female,0,0,94,England,>50K
35,Private,182312,HS-grad,8,Never-married,Prof-specialty,Unmarried,Asian-Pac-Islander,Female,0,1552,6,Philippines,>50K
43,State-gov,267218,11th,8,Never-married,Farming-fishing,Not-in-family,Other,Male,0,0,56,England,>50K
61,Federal-gov,224879,Bachelors,2,Divorced,Sales,Own-child,White,Female,0,0,4,China,<=50K
51,Private,373714,Some-college,12,Separated,Handlers-cleaners,Own-child,White,Male,5507,0,93,Philippines,>50K
27,Self-emp-not-inc,436650,11th,14,Divorced,Handlers-cleaners,Husband,Black,Male,0,0,23,Germany,<=50K
79,Self-emp-not-inc,341868,11th,4,Separated,Craft-repair,Husband,Other,Female,0,0,6,China,>50K
53,Private,387503,Masters,14,Married-civ-spouse,Other-service,Own-child,Amer-Indian-Eskimo,Female,5507,0,32,China,>50K
31,Never-worked,347841,Masters,15,Married-civ-spouse,Tech-support,Wife,Other,Female,5507,0,18,China,>50K
48,Self-emp-not-inc,38732,Doctorate,11,Widowed,Machine-op-inspct,Not-in-family,Black,Male,0,0,15,Canada,>50K
65,Without-pay,131465,Assoc-acdm,15,Separated,Adm-clerical,Husband,Other,Female,5507,1552,40,Philippines,>50K
32,Without-pay,414530,Doctorate,7,Widowed,Sales,Wife,Other,Male,5507,0,96,India,>50K
25,Private,427170,Assoc-voc,11,Never-married,Prof-specialty,Unmarried,Black,Female,0,1552,73,India,<=50K
31,Federal-gov,67108,Bachelors,4,Separated,Adm-clerical,Husband,White,Female,0,0,74,Philippines,>50K
40,Federal-gov,490260,Assoc-voc,4,Divorced,Prof-specialty,Wife,Amer-Indian-Eskimo,Female,5507,1552,84,Philippines,<=50K
77,Private,490721,Assoc-voc,6,Never-married,Adm-clerical,Wife,Black,Male,0,1552,6,Canada,>50K
74,Federal-gov,121195,HS-grad,10,Never-married,Sales,Not-in-family,Asian-Pac-Islander,Female,0,1552,63,India,>50K
79,Never-worked,375225,Assoc-voc,6,Divorced,Machine-op-inspct,Not-in-family,White,Female,5507,1552,67,Philippines,>50K
57,Never-worked,46668,Doctorate,10,Never-married,Adm-clerical,Unmarried,Asian-Pac-Islander,Male,5507,1552,11,Philippines,<=50K
38,Federal-gov,295205,Some-college,15,Separated,Sales,Wife,White,Male,0,0,43,England,<=50K
33,Without-pay,351396,Some-college,3,Widowed,Exec-managerial,Other-relative,Amer-Indian-Eskimo,Female,5507,0,17,Canada,>50K
62,Federal-gov,49749,Masters,15,Never-married,Machine-op-inspct,Wife,Amer-Indian-Eskimo,Female,5507,0,96,Canada,<=50K
35,Never-worked,140560,Bachelors,9,Separated,Farming-fishing,Not-in-family,Other,Female,0,0,4,Germany,>50K
64,Local-gov,376824,Bachelors,12,Married-civ-spouse,Prof-specialty,Other-relative,Asian-Pac-Islander,Male,0,1552,63,Canada,>50K
70,State-gov,157979,HS-grad,10,Separated,Handlers-cleaners,Husband,White,Male,0,0,68,United-States,<=50K
41,Self-emp-not-inc,159849,Doctorate,14,Widowed,Other-service,Husband,Amer-Indian-Eskimo,Male,0,0,81,India,<=50K
43,Local-gov,234301,Masters,11,Separated,Handlers-cleaners,Own-child,Black,Male,0,0,41,Germany,<=50K
42,Federal-gov,61745,Bachelors,2,Divorced,Machine-op-inspct,Not-in-family,Amer-Indian-Eskimo,Female,0,0,83,United-States,<=50K
77,Without-pay,380608,Some-college,6,Widowed,Farming-fishing,Own-child,Black,Male,0,1552,5,Philippines,>50K
77,Private,101865,Assoc-voc,12,Married-civ-spouse,Prof-specialty,Other-relative,White,Male,0,0,32,England,<=50K
77,Federal-gov,384572,Assoc-voc,7,Divorced,Farming-fishing,Not-in-family,Amer-Indian-Eskimo,Male,0,1552,86,England,<=50K
62,Without-pay,222890,Masters,12,Separated,Adm-clerical,Unmarried,Amer-Indian-Eskimo,Female,5507,1552,70,Philippines,>50K
58,State-gov,33624,Doctorate,13,Widowed,Prof-specialty,Wife,White,Female,5507,0,35,Germany,<=50K
46,Federal-gov,33321,Doctorate,9,Married-civ-spouse,Adm-clerical,Unmarried,Amer-Indian-Eskimo,Male,0,1552,22,Canada,<=50K
32,Never-worked,413704,Assoc-acdm,13,Divorced,Sales,Other-relative,Black,Male,0,0,65,China,<=50K
62,Private,294718,9th,3,Married-civ-spouse,Machine-op-inspct,Not-in-family,Amer-Indian-Eskimo,Female,0,1552,84,England,<=50K
18,Without-pay,408456,Bachelors,10,Separated,Transport-moving,Other-relative,Asian-Pac-Islander,Female,0,1552,22,China,>50K
42,Without-pay,184293,Doctorate,3,Married-civ-spouse,Sales,Wife,Other,Female,0,1552,11,Philippines,>50K
24,Without-pay,413694,Some-college,7,Never-married,Craft-repair,Husband,Black,Female,0,0,77,China,<=50K
26,State-gov,269127,Masters,14,Divorced,Farming-fishing,Husband,Asian-Pac-Islander,Female,0,0,3,Mexico,<=50K
41,Federal-gov,196717,Assoc-acdm,4,Married-civ-spouse,Transport-moving,Other-relative,White,Female,0,0,9,Germany,>50K
18,State-gov,422478,11th,13,Separated,Adm-clerical,Own-child,Black,Female,0,0,60,United-States,<=50K
61,Self-emp-not-inc,390975,HS-grad,8,Separated,Exec-managerial,Not-in-family,Other,Female,5507,0,76,Germany,<=50K
25,Self-emp-not-inc,193868,11th,13,Married-civ-spouse,Sales,Not-in-family,Other,Male,5507,0,87,India,<=50K
41,Federal-gov,145504,Assoc-voc,7,Separated,Craft-repair,Husband,White,Male,0,0,14,Canada,<=50K
28,Never-worked,105257,HS-grad,5,Widowed,Tech-support,Unmarried,White,Male,0,0,97,Canada,<=50K
68,State-gov,74291,Bachelors,7,Widowed,Transport-moving,Wife,Black,Male,0,1552,18,Germany,<=50K
34,Private,220176,Some-college,3,Widowed,Handlers-cleaners,Unmarried,Amer-Indian-Eskimo,Male,5507,0,73,Philippines,<=50K
25,Without-pay,200471,HS-grad,12,Never-married,Prof-specialty,Unmarried,White,Male,0,0,23,Philippines,<=50K
52,Without-pay,399744,9th,2,Married-civ-spouse,Craft-repair,Other-relative,Amer-Indian-Eskimo,Female,5507,0,74,Mexico,<=50K
52,Federal-gov,482930,11th,6,Never-married,Machine-op-inspct,Husband,Asian-Pac-Islander,Female,5507,0,83,Mexico,>50K
50,Never-worked,322572,Bachelors,2,Separated,Transport-moving,Husband,Other,Male,0,1552,47,Canada,>50K
76,Self-emp-not-inc,228803,9th,3,Never-married,Sales,Husband,Amer-Indian-Eskimo,Male,0,0,69,Mexico,>50K
22,Self-emp-not-inc,403518,Assoc-voc,6,Separated,Machine-op-inspct,Other-relative,Other,Female,0,1552,47,England,<=50K
59,Without-pay,485774,9th,5,Separated,Handlers-cleaners,Own-child,Amer-Indian-Eskimo,Female,0,0,87,England,<=50K
56,Federal-gov,403271,Assoc-acdm,8,Divorced,Exec-managerial,Unmarried,Asian-Pac-Islander,Female,5507,0,30,United-States,>50K
75,State-gov,121317,Assoc-acdm,9,Widowed,Farming-fishing,Other-relative,White,Male,0,1552,25,Mexico,<=50K
58,Self-emp-not-inc,149789,Masters,11,Separated,Farming-fishing,Not-in-family,Asian-Pac-Islander,Female,0,0,28,United-States,>50K
45,State-gov,399593,Bachelors,3,Divorced,Machine-op-inspct,Wife,White,Male,0,1552,98,Mexico,<=50K
24,Never-worked,300843,Assoc-voc,12,Widowed,Adm-clerical,Own-child,White,Male,0,0,25,Canada,>50K
26,Self-emp-not-inc,83686,Doctorate,10,Separated,Exec-managerial,Not-in-family,Other,Female,0,0,74,Canada,>50K
25,Self-emp-not-inc,77661,Assoc-acdm,3,Separated,Farming-fishing,Unmarried,Asian-Pac-Islander,Female,5507,0,78,United-States,>50K
29,Local-gov,54247,Bachelors,3,Never-married,Exec-managerial,Husband,Amer-Indian-Eskimo,Male,0,1552,58,Germany,<=50K
51,Self-emp-not-inc,255121,Doctorate,13,Never-married,Craft-repair,Unmarried,Asian-Pac-Islander,Female,0,1552,94,Canada,>50K
50,Private,157820,Masters,13,Widowed,Exec-managerial,Other-relative,Other,Female,5507,0,41,Germany,<=50K
65,Federal-gov,377257,9th,6,Separated,Other-service,Wife,White,Male,0,0,25,Philippines,<=50K
72,Federal-gov,276765,Assoc-acdm,15,Married-civ-spouse,Handlers-cleaners,Other-relative,Other,Female,5507,0,78,England,<=50K
40,State-gov,156106,Bachelors,15,Never-married,Farming-fishing,Own-child,Black,Male,0,0,48,United-States,<=50K
79,Never-worked,268930,HS-grad,1,Widowed,Exec-managerial,Own-child,Black,Male,0,0,98,China,<=50K
41,Self-emp-not-inc,408342,Doctorate,7,Separated,Machine-op-inspct,Wife,Amer-Indian-Eskimo,Female,5507,0,10,Canada,<=50K
54,Private,146194,9th,12,Separated,Tech-support,Not-in-family,Other,Male,0,1552,75,India,<=50K
52,State-gov,290174,Assoc-acdm,1,Married-civ-spouse,Other-service,Not-in-family,Amer-Indian-Eskimo,Male,5507,0,11,Philippines,>50K
61,Local-gov,354982,Assoc-voc,14,Widowed,Other-service,Own-child,Amer-Indian-Eskimo,Female,0,0,85,Germany,>50K
57,State-gov,356861,Doctorate,5,Separated,Adm-clerical,Own-child,Black,Female,5507,0,21,Canada,>50K
39,State-gov,458874,Assoc-acdm,15,Never-married,Exec-managerial,Husband,Amer-Indian-Eskimo,Female,5507,0,86,United-States,<=50K
44,Self-emp-not-inc,48638,Doctorate,10,Married-civ-spouse,Adm-clerical,Not-in-family,Black,Male,0,1552,45,China,<=50K
52,Local-gov,339211,9th,13,Widowed,Adm-clerical,Wife,White,Male,0,0,7,Mexico,<=50K
18,State-gov,128033,Assoc-acdm,8,Married-civ-spouse,Tech-support,Not-in-family,Other,Female,0,1552,81,China,<=50K
52,Private,115977,11th,4,Never-married,Craft-repair,Husband,Amer-Indian-Eskimo,Male,0,1552,64,India,>50K
54,Private,98869,Bachelors,5,Widowed,Exec-managerial,Other-relative,Black,Female,5507,0,64,Germany,<=50K
64,Federal-gov,115186,9th,4,Married-civ-spouse,Sales,Own-child,Asian-Pac-Islander,Female,0,1552,2,Philippines,>50K
31,Local-gov,306818,Doctorate,12,Divorced,Farming-fishing,Own-child,Amer-Indian-Eskimo,Male,0,1552,76,China,<=50K
20,Local-gov,176926,Assoc-voc,12,Never-married,Adm-clerical,Husband,White,Female,0,0,42,United-States,>50K
18,Federal-gov,56271,HS-grad,14,Never-married,Handlers-cleaners,Wife,White,Male,5507,1552,82,India,<=50K
22,State-gov,345832,Doctorate,4,Never-married,Prof-specialty,Own-child,Asian-Pac-Islander,Male,0,0,54,United-States,>50K
43,Local-gov,441734,Bachelors,12,Divorced,Handlers-cleaners,Unmarried,Black,Female,5507,0,75,Canada,<=50K
72,Private,383220,Assoc-acdm,8,Divorced,Tech-support,Own-child,Amer-Indian-Eskimo,Male,0,0,16,Mexico,>50K
31,Private,151339,HS-grad,2,Separated,Tech-support,Unmarried,Black,Female,0,1552,18,Philippines,<=50K
56,Self-emp-not-inc,231897,Some-college,1,Married-civ-spouse,Machine-op-inspct,Husband,White,Male,0,0,59,United-States,>50K
44,Local-gov,11062,Doctorate,3,Separated,Craft-repair,Husband,Black,Male,0,1552,90,Germany,>50K
26,State-gov,257736,Masters,9,Married-civ-spouse,Farming-fishing,Own-child,White,Male,5507,0,16,Canada,<=50K
32,Federal-gov,60448,Some-college,4,Divorced,Transport-moving,Not-in-family,Black,Female,5507,0,6,Canada,>50K
32,Federal-gov,105462,Doctorate,10,Divorced,Adm-clerical,Unmarried,Asian-Pac-Islander,Male,0,0,57,Philippines,<=50K
43,State-gov,409445,11th,5,Separated,Handlers-cleaners,Wife,Other,Female,0,1552,47,Canada,<=50K
59,Never-worked,460009,Masters,2,Widowed,Prof-specialty,Own-child,Asian-Pac-Islander,Male,0,1552,48,Germany,<=50K
77,Without-pay,255885,HS-grad,4,Separated,Tech-support,Wife,Asian-Pac-Islander,Male,5507,0,42,United-States,>50K
30,Self-emp-not-inc,57915,Assoc-voc,2,Married-civ-spouse,Tech-support,Own-child,Other,Female,0,0,76,Philippines,>50K
68,Federal-gov,276776,11th,15,Separated,Craft-repair,Not-in-family,Other,Female,0,0,60,England,<=50K
49,Local-gov,114592,Some-college,2,Never-married,Prof-specialty,Not-in-family,Amer-Indian-Eskimo,Female,5507,1552,77,Canada,<=50K
56,Self-emp-not-inc,144668,Assoc-acdm,4,Married-civ-spouse,Prof-specialty,Not-in-family,Amer-Indian-Eskimo,Female,0,0,4,Canada,>50K
66,Local-gov,381923,Bachelors,6,Married-civ-spouse,Craft-repair,Other-relative,Asian-Pac-Islander,Female,0,0,2,Germany,>50K
69,Never-worked,409384,Assoc-voc,7,Widowed,Tech-support,Not-in-family,Asian-Pac-Islander,Male,0,0,90,Mexico,>50K
78,Private,118099,11th,10,Divorced,Farming-fishing,Husband,White,Male,0,0,59,Mexico,<=50K
49,Self-emp-not-inc,17561,Assoc-acdm,3,Married-civ-spouse,Exec-managerial,Husband,White,Female,5507,0,27,China,<=50K
21,Federal-gov,477010,Assoc-acdm,3,Divorced,Exec-managerial,Other-relative,Amer-Indian-Eskimo,Male,0,0,27,Canada,<=50K
47,Self-emp-not-inc,92152,Doctorate,10,Separated,Craft-repair,Unmarried,Amer-Indian-Eskimo,Male,0,0,79,England,<=50K
54,Self-emp-not-inc,135036,11th,6,Never-married,Prof-specialty,Wife,White,Male,0,0,72,United-States,<=50K
40,Self-emp-not-inc,396193,HS-grad,13,Widowed,Adm-clerical,Own-child,White,Female,0,1552,7,Philippines,>50K
56,Without-pay,36734,Masters,12,Divorced,Craft-repair,Own-child,Black,Male,5507,0,63,Canada,<=50K
62,Self-emp-not-inc,409587,Masters,3,Married-civ-spouse,Farming-fishing,Other-relative,Black,Male,0,0,46,India,>50K
32,Local-gov,36069,Some-college,13,Divorced,Craft-repair,Husband,White,Male,5507,0,63,Philippines,>50K
60,Private,220977,Some-college,2,Married-civ-spouse,Other-service,Own-child,Black,Female,0,0,12,China,<=50K
46,Never-worked,22910,Masters,8,Divorced,Handlers-cleaners,Husband,Other,Male,0,1552,13,Mexico,>50K
53,State-gov,345623,HS-grad,5,Married-civ-spouse,Prof-specialty,Unmarried,Amer-Indian-Eskimo,Male,0,0,43,England,<=50K
30,Self-emp-not-inc,480951,Bachelors,15,Separated,Machine-op-inspct,Wife,Amer-Indian-Eskimo,Female,0,1552,17,Canada,>50K
49,Federal-gov,91264,9th,1,Married-civ-spouse,Machine-op-inspct,Unmarried,White,Female,0,0,63,Germany,<=50K
24,Self-emp-not-inc,33275,Bachelors,3,Married-civ-spouse,Prof-specialty,Other-relative,Asian-Pac-Islander,Male,0,1552,81,India,<=50K
76,Federal-gov,82274,Doctorate,10,Never-married,Transport-moving,Not-in-family,White,Male,5507,0,36,Canada,>50K
68,Local-gov,484665,9th,8,Married-civ-spouse,Farming-fishing,Not-in-family,Black,Female,0,1552,85,England,<=50K
39,Federal-gov,372920,9th,4,Never-married,Other-service,Not-in-family,Asian-Pac-Islander,Female,0,1552,8,China,>50K
45,State-gov,201076,11th,14,Widowed,Other-service,Unmarried,Black,Female,0,0,69,United-States,<=50K
19,Private,204053,HS-grad,7,Never-married,Tech-support,Own-child,Other,Female,0,1552,90,India,<=50K
59,Federal-gov,487875,HS-grad,10,Separated,Handlers-cleaners,Wife,Black,Female,0,0,80,China,<=50K
62,Federal-gov,195625,9th,12,Never-married,Exec-managerial,Not-in-family,Other,Female,5507,0,36,Canada,>50K
79,Private,58447,11th,14,Widowed,Sales,Other-relative,Other,Female,5507,0,28,United-States,>50K
74,State-gov,437745,9th,14,Separated,Farming-fishing,Other-relative,Black,Male,5507,0,93,India,<=50K
70,Self-emp-not-inc,398538,Assoc-voc,2,Divorced,Sales,Not-in-family,Black,Female,0,1552,47,United-States,>50K
23,Federal-gov,85703,Some-college,7,Divorced,Sales,Not-in-family,Other,Female,0,0,76,United-States,<=50K
45,Private,348234,Some-college,5,Never-married,Prof-specialty,Wife,Asian-Pac-Islander,Male,5507,0,30,India,>50K
45,Local-gov,289404,Bachelors,5,Never-married,Machine-op-inspct,Not-in-family,Other,Female,0,0,23,India,>50K
61,Private,122581,Doctorate,6,Widowed,Machine-op-inspct,Wife,Amer-Indian-Eskimo,Female,0,1552,16,United-States,<=50K
61,Local-gov,275956,Some-college,13,Widowed,Exec-managerial,Other-relative,Other,Male,0,0,14,China,<=50K
37,State-gov,431240,Assoc-acdm,9,Married-civ-spouse,Prof-specialty,Not-in-family,Asian-Pac-Islander,Female,0,0,74,England,<=50K
47,Self-emp-not-inc,199728,Bachelors,14,Widowed,Sales,Unmarried,Amer-Indian-Eskimo,Male,0,1552,71,Mexico,<=50K
79,Private,388292,Some-college,6,Married-civ-spouse,Transport-moving,Unmarried,White,Male,5507,0,52,India,<=50K
28,Never-worked,430501,Doctorate,12,Separated,Adm-clerical,Other-relative,White,Male,0,0,37,Canada,>50K
75,Never-worked,495652,HS-grad,13,Never-married,Machine-op-inspct,Wife,Asian-Pac-Islander,Male,5507,0,29,Philippines,>50K
72,Without-pay,126421,HS-grad,15,Separated,Farming-fishing,Unmarried,Other,Female,0,0,67,Germany,<=50K
45,Federal-gov,11605,9th,14,Widowed,Farming-fishing,Wife,Black,Male,0,0,15,United-States,<=50K
42,State-gov,474374,Assoc-voc,8,Separated,Tech-support,Unmarried,Asian-Pac-Islander,Male,5507,0,47,United-States,<=50K
56,Private,82303,HS-grad,7,Separated,Craft-repair,Unmarried,Amer-Indian-Eskimo,Female,0,0,46,Germany,>50K
79,Never-worked,168211,11th,9,Separated,Adm-clerical,Wife,Amer-Indian-Eskimo,Male,0,1552,52,Mexico,<=50K
50,Federal-gov,480365,Some-college,4,Widowed,Machine-op-inspct,Own-child,White,Male,0,0,19,Germany,<=50K
18,Never-worked,197210,11th,2,Separated,Other-service,Unmarried,Amer-Indian-Eskimo,Male,0,0,77,India,>50K
74,Private,271949,Doctorate,7,Married-civ-spouse,Machine-op-inspct,Not-in-family,Asian-Pac-Islander,Male,5507,0,21,Germany,>50K
44,Local-gov,348269,HS-grad,6,Widowed,Tech-support,Other-relative,Amer-Indian-Eskimo,Female,0,1552,64,United-States,>50K
79,Private,154990,Assoc-voc,1,Separated,Farming-fishing,Own-child,Asian-Pac-Islander,Male,0,0,37,Germany,>50K
74,Without-pay,488871,Doctorate,11,Widowed,Sales,Wife,Black,Female,0,1552,27,Philippines,<=50K
69,Private,168518,Assoc-acdm,9,Divorced,Other-service,Own-child,White,Female,0,1552,55,Canada,>50K
30,Private,134040,Assoc-acdm,9,Married-civ-spouse,Prof-specialty,Husband,Amer-Indian-Eskimo,Male,0,0,29,India,>50K
58,Without-pay,154118,11th,12,Separated,Handlers-cleaners,Husband,Asian-Pac-Islander,Male,5507,0,20,Germany,<=50K
20,State-gov,428034,9th,2,Divorced,Sales,Unmarried,Other,Male,0,1552,25,United-States,<=50K
56,Private,241966,Bachelors,3,Divorced,Handlers-cleaners,Unmarried,White,Male,5507,0,70,China,<=50K
23,Without-pay,276468,9th,5,Widowed,Adm-clerical,Not-in-family,Black,Female,0,1552,63,Canada,>50K
25,Federal-gov,348467,9th,5,Divorced,Transport-moving,Other-relative,Asian-Pac-Islander,Female,0,0,36,India,<=50K
44,Local-gov,281255,Assoc-voc,15,Married-civ-spouse,Craft-repair,Own-child,Black,Female,0,0,2,United-States,>50K
26,Local-gov,441326,HS-grad,1,Married-civ-spouse,Transport-moving,Husband,Black,Male,0,0,22,Mexico,>50K
79,Private,26389,Assoc-voc,8,Never-married,Other-service,Unmarried,Amer-Indian-Eskimo,Female,0,0,96,Philippines,>50K
54,State-gov,132177,Doctorate,12,Married-civ-spouse,Exec-managerial,Other-relative,Amer-Indian-Eskimo,Male,0,0,16,England,<=50K
50,State-gov,313571,Assoc-acdm,8,Divorced,Other-service,Own-child,Asian-Pac-Islander,Male,0,1552,18,Mexico,>50K
68,Federal-gov,482795,Assoc-voc,4,Married-civ-spouse,Transport-moving,Unmarried,Other,Male,0,0,69,England,<=50K
59,Private,169818,Doctorate,13,Widowed,Machine-op-inspct,Unmarried,Asian-Pac-Islander,Male,0,1552,54,Philippines,<=50K
61,Local-gov,132883,Assoc-voc,7,Never-married,Farming-fishing,Husband,Other,Male,0,1552,30,Germany,<=50K
41,State-gov,228958,9th,15,Divorced,Machine-op-inspct,Husband,Black,Female,0,0,45,India,>50K
32,Private,248213,Some-college,15,Never-married,Machine-op-inspct,Unmarried,White,Female,0,0,19,Germany,>50K
76,Never-worked,403333,11th,11,Divorced,Adm-clerical,Wife,Asian-Pac-Islander,Male,5507,1552,87,Philippines,>50K
71,State-gov,397952,Bachelors,10,Widowed,Sales,Unmarried,Asian-Pac-Islander,Female,5507,0,34,Philippines,<=50K
49,Without-pay,122221,Assoc-voc,3,Never-married,Exec-managerial,Other-relative,Other,Male,0,0,13,Philippines,>50K
49,Never-worked,487687,Bachelors,6,Separated,Exec-managerial,Unmarried,Black,Male,0,0,43,England,>50K
41,State-gov,285378,Masters,14,Divorced,Machine-op-inspct,Not-in-family,Black,Male,0,0,62,Canada,>50K
58,Local-gov,270669,Assoc-voc,10,Separated,Handlers-cleaners,Not-in-family,Other,Female,0,0,93,United-States,>50K
69,Self-emp-not-inc,244936,Some-college,13,Never-married,Adm-clerical,Not-in-family,Black,Male,0,1552,22,India,>50K
66,Never-worked,325585,Bachelors,10,Separated,Machine-op-inspct,Wife,Amer-Indian-Eskimo,Male,5507,0,52,Germany,<=50K
79,Federal-gov,10846,Assoc-voc,12,Separated,Craft-repair,Wife,White,Female,0,0,52,Germany,<=50K
66,Federal-gov,20954,HS-grad,14,Never-married,Farming-fishing,Unmarried,Asian-Pac-Islander,Female,0,1552,36,Mexico,<=50K
75,Local-gov,351383,11th,9,Widowed,Sales,Not-in-family,White,Female,0,0,73,England,<=50K
69,State-gov,254761,Some-college,1,Separated,Prof-specialty,Wife,Asian-Pac-Islander,Male,0,0,19,Philippines,>50K
29,Private,318658,Bachelors,5,Separated,Craft-repair,Husband,Amer-Indian-Eskimo,Male,0,1552,38,China,<=50K
79,State-gov,360380,Some-college,4,Widowed,Handlers-cleaners,Unmarried,Black,Female,0,1552,70,Philippines,>50K
56,Local-gov,369723,Doctorate,8,Separated,Other-service,Other-relative,Other,Male,0,1552,79,Philippines,<=50K
19,Federal-gov,147541,11th,11,Separated,Other-service,Own-child,Amer-Indian-Eskimo,Female,5507,1552,57,China,<=50K
20,State-gov,433321,Assoc-voc,12,Separated,Transport-moving,Unmarried,White,Female,5507,1552,20,Germany,<=50K
66,Federal-gov,314245,Assoc-voc,1,Married-civ-spouse,Craft-repair,Own-child,Other,Male,0,0,9,Mexico,>50K
54,Never-worked,74323,Assoc-voc,9,Widowed,Transport-moving,Not-in-family,Black,Male,0,0,32,United-States,>50K
66,Private,101922,11th,6,Separated,Machine-op-inspct,Own-child,Amer-Indian-Eskimo,Female,0,0,4,China,<=50K
73,Never-worked,199139,HS-grad,4,Widowed,Prof-specialty,Not-in-family,Other,Female,5507,0,50,England,>50K
34,Federal-gov,190448,Masters,12,Divorced,Tech-support,Husband,Amer-Indian-Eskimo,Female,5507,0,82,Canada,<=50K
76,Federal-gov,186659,Assoc-acdm,9,Divorced,Tech-support,Own-child,Amer-Indian-Eskimo,Female,0,0,5,India,<=50K
66,Self-emp-not-inc,440192,9th,11,Separated,Handlers-cleaners,Unmarried,Black,Male,0,1552,20,England,<=50K
19,Self-emp-not-inc,245659,Bachelors,5,Widowed,Machine-op-inspct,Not-in-family,Asian-Pac-Islander,Female,5507,0,87,China,>50K
19,Never-worked,399678,HS-grad,15,Widowed,Exec-managerial,Unmarried,Other,Female,5507,0,75,United-States,<=50K
45,Without-pay,339728,Bachelors,5,Widowed,Transport-moving,Wife,Black,Female,0,0,37,Germany,<=50K
71,Never-worked,114537,Assoc-voc,12,Married-civ-spouse,Exec-managerial,Not-in-family,Amer-Indian-Eskimo,Male,5507,0,22,Canada,<=50K
40,Self-emp-not-inc,350621,Some-college,5,Divorced,Sales,Own-child,Black,Male,5507,0,58,Canada,>50K
54,Federal-gov,251983,Bachelors,1,Widowed,Prof-specialty,Not-in-family,Asian-Pac-Islander,Female,0,0,68,Canada,<=50K
49,Local-gov,52533,Assoc-voc,1,Widowed,Prof-specialty,Unmarried,Other,Male,0,1552,93,Philippines,>50K
50,Never-worked,273972,Bachelors,8,Married-civ-spouse,Other-service,Husband,Asian-Pac-Islander,Male,0,0,44,India,<=50K
18,Federal-gov,11917,Some-college,12,Married-civ-spouse,Adm-clerical,Not-in-family,White,Male,0,0,34,Germany,>50K
36,Local-gov,292762,Assoc-voc,8,Widowed,Transport-moving,Own-child,Other,Female,0,0,77,Germany,<=50K
79,Local-gov,42254,Masters,12,Never-married,Handlers-cleaners,Wife,Asian-Pac-Islander,Female,0,1552,42,Canada,<=50K
19,Self-emp-not-inc,271987,HS-grad,15,Widowed,Tech-support,Other-relative,Amer-Indian-Eskimo,Male,0,1552,9,Germany,>50K
70,Never-worked,377436,Doctorate,15,Widowed,Handlers-cleaners,Husband,Other,Female,5507,1552,95,India,>50K
61,State-gov,57362,9th,6,Married-civ-spouse,Exec-managerial,Wife,Other,Female,0,0,7,India,<=50K
43,Private,292272,11th,12,Married-civ-spouse,Exec-managerial,Not-in-family,Black,Male,0,0,68,Mexico,>50K
49,Self-emp-not-inc,395925,9th,11,Widowed,Craft-repair,Unmarried,Amer-Indian-Eskimo,Male,0,1552,19,China,<=50K
23,Self-emp-not-inc,252353,9th,13,Widowed,Sales,Unmarried,White,Female,5507,0,94,China,<=50K
49,State-gov,200455,Assoc-voc,4,Widowed,Prof-specialty,Own-child,Asian-Pac-Islander,Male,5507,1552,31,Mexico,<=50K
72,Private,75545,Masters,2,Married-civ-spouse,Farming-fishing,Unmarried,Black,Female,0,1552,35,United-States,>50K
21,Federal-gov,92180,Doctorate,14,Widowed,Transport-moving,Husband,Asian-Pac-Islander,Female,0,1552,57,China,<=50K
72,Without-pay,97958,HS-grad,2,Widowed,Handlers-cleaners,Unmarried,White,Male,5507,1552,85,India,>50K
28,Never-worked,413081,HS-grad,9,Separated,Transport-moving,Own-child,White,Female,0,0,61,India,<=50K
73,Without-pay,405435,Some-college,15,Never-married,Exec-managerial,Other-relative,Other,Female,0,0,31,China,>50K
76,Federal-gov,311953,11th,5,Divorced,Adm-clerical,Not-in-family,White,Male,5507,1552,83,India,>50K
34,Self-emp-not-inc,388892,Bachelors,4,Never-married,Other-service,Not-in-family,Asian-Pac-Islander,Male,0,0,95,Mexico,<=50K
55,Private,15287,Masters,10,Separated,Tech-support,Unmarried,Amer-Indian-Eskimo,Male,0,0,53,Canada,>50K
41,Self-emp-not-inc,267665,Bachelors,13,Divorced,Sales,Wife,Amer-Indian-Eskimo,Female,5507,0,32,Canada,<=50K
22,Local-gov,437603,Doctorate,1,Widowed,Adm-clerical,Not-in-family,Other,Male,5507,1552,66,Germany,<=50K
69,Self-emp-not-inc,18512,9th,7,Separated,Sales,Other-relative,Asian-Pac-Islander,Male,0,0,59,England,<=50K
51,Self-emp-not-inc,142414,HS-grad,3,Widowed,Craft-repair,Unmarried,Asian-Pac-Islander,Male,0,1552,10,England,<=50K
23,Federal-gov,466292,Doctorate,6,Married-civ-spouse,Farming-fishing,Own-child,White,Male,0,0,2,Canada,<=50K
39,Federal-gov,118872,9th,5,Separated,Exec-managerial,Other-relative,Asian-Pac-Islander,Female,5507,0,66,Philippines,>50K
28,Federal-gov,422432,HS-grad,5,Married-civ-spouse,Other-service,Unmarried,Black,Female,0,0,60,Mexico,<=50K
65,Without-pay,257754,9th,11,Separated,Adm-clerical,Other-relative,White,Male,0,1552,88,India,>50K
33,Local-gov,103070,11th,5,Separated,Sales,Not-in-family,Black,Female,0,0,17,China,>50K
50,Federal-gov,89767,Masters,1,Married-civ-spouse,Prof-specialty,Own-child,Other,Male,0,0,96,Canada,<=50K
26,Private,107829,Doctorate,1,Divorced,Craft-repair,Unmarried,Amer-Indian-Eskimo,Male,5507,0,16,Mexico,>50K
77,Without-pay,429830,Doctorate,3,Never-married,Prof-specialty,Husband,Other,Female,0,0,16,Canada,<=50K
76,State-gov,439474,Assoc-acdm,14,Widowed,Other-service,Own-child,Amer-Indian-Eskimo,Female,0,0,46,United-States,>50K
23,Private,497005,Assoc-voc,12,Separated,Adm-clerical,Husband,Other,Male,0,1552,39,India,>50K
33,Never-worked,52078,11th,10,Widowed,Transport-moving,Other-relative,Asian-Pac-Islander,Male,0,0,31,United-States,>50K
46,Never-worked,378432,11th,4,Married-civ-spouse,Craft-repair,Wife,Black,Female,5507,1552,88,India,<=50K
20,Private,93524,Bachelors,5,Widowed,Adm-clerical,Own-child,Amer-Indian-Eskimo,Male,0,0,1,Mexico,>50K
37,Federal-gov,237645,9th,2,Married-civ-spouse,Exec-managerial,Other-relative,White,Female,5507,1552,11,Germany,<=50K
77,State-gov,22219,Assoc-voc,8,Widowed,Machine-op-inspct,Husband,Black,Male,0,0,85,Canada,>50K
76,State-gov,272379,Masters,11,Never-married,Craft-repair,Not-in-family,White,Male,5507,1552,4,Canada,>50K
53,Without-pay,315073,Masters,11,Never-married,Prof-specialty,Not-in-family,Black,Female,5507,0,71,Philippines,>50K
36,State-gov,137309,11th,14,Never-married,Other-service,Wife,Black,Female,0,0,26,China,>50K
43,Never-worked,339588,Masters,2,Never-married,Farming-fishing,Own-child,Other,Female,0,0,50,United-States,<=50K
20,Local-gov,149639,Assoc-acdm,9,Never-married,Exec-managerial,Own-child,Amer-Indian-Eskimo,Female,0,0,12,Canada,<=50K
36,Federal-gov,373978,Doctorate,2,Never-married,Machine-op-inspct,Own-child,Amer-Indian-Eskimo,Female,0,1552,95,Mexico,>50K
37,State-gov,474008,Some-college,13,Married-civ-spouse,Farming-fishing,Other-relative,Black,Female,5507,0,81,Germany,>50K
49,Without-pay,206513,Bachelors,9,Separated,Tech-support,Wife,Asian-Pac-Islander,Female,0,0,97,China,<=50K
24,Never-worked,356699,9th,7,Widowed,Exec-managerial,Own-child,Asian-Pac-Islander,Male,0,1552,75,Mexico,<=50K
69,Local-gov,345842,9th,15,Never-married,Other-service,Other-relative,White,Male,0,0,92,United-States,<=50K
58,Self-emp-not-inc,396594,HS-grad,8,Married-civ-spouse,Sales,Not-in-family,White,Male,0,1552,96,Philippines,<=50K
50,Self-emp-not-inc,258320,Some-college,15,Married-civ-spouse,Craft-repair,Husband,Other,Female,0,1552,65,Canada,>50K
57,Local-gov,146487,11th,11,Married-civ-spouse,Adm-clerical,Other-relative,Black,Female,0,1552,47,Mexico,>50K
56,Never-worked,177231,Assoc-acdm,2,Separated,Other-service,Not-in-family,White,Female,0,0,92,China,<=50K
35,Without-pay,53925,Doctorate,7,Widowed,Craft-repair,Not-in-family,White,Male,0,0,53,India,<=50K
57,Local-gov,147023,Doctorate,12,Separated,Farming-fishing,Husband,Black,Female,5507,0,71,Germany,<=50K
18,Federal-gov,97388,Assoc-acdm,6,Divorced,Transport-moving,Not-in-family,Other,Female,0,1552,2,China,<=50K
28,Federal-gov,18007,Assoc-voc,4,Married-civ-spouse,Adm-clerical,Wife,White,Male,0,0,24,Mexico,<=50K
45,Self-emp-not-inc,267802,HS-grad,7,Divorced,Handlers-cleaners,Husband,Other,Female,0,1552,4,Germany,<=50K
74,State-gov,445048,9th,14,Never-married,Prof-specialty,Not-in-family,Amer-Indian-Eskimo,Male,0,0,19,Canada,>50K
42,Without-pay,68596,Some-college,13,Never-married,Tech-support,Unmarried,Other,Male,5507,0,26,India,>50K
67,Self-emp-not-inc,393245,Masters,4,Separated,Exec-managerial,Other-relative,Asian-Pac-Islander,Female,0,0,75,Philippines,>50K
40,State-gov,433739,HS-grad,2,Widowed,Transport-moving,Not-in-family,Asian-Pac-Islander,Female,0,0,40,China,<=50K
48,State-gov,361005,Some-college,10,Divorced,Transport-moving,Wife,Other,Female,0,0,50,Philippines,<=50K
47,Federal-gov,265266,Bachelors,12,Widowed,Other-service,Own-child,Asian-Pac-Islander,Male,0,0,43,India,<=50K
59,Never-worked,358884,Bachelors,7,Separated,Tech-support,Not-in-family,Amer-Indian-Eskimo,Male,0,0,75,Germany,>50K
52,Private,25524,HS-grad,8,Never-married,Sales,Own-child,Black,Male,0,1552,67,Canada,<=50K
24,Never-worked,422498,11th,2,Widowed,Craft-repair,Unmarried,Asian-Pac-Islander,Female,0,1552,12,Mexico,<=50K
77,Private,165002,Some-college,5,Widowed,Craft-repair,Not-in-family,Asian-Pac-Islander,Female,0,0,67,India,>50K
33,Local-gov,403293,Some-college,1,Never-married,Other-service,Husband,Other,Female,5507,1552,27,United-States,<=50K
43,Federal-gov,135501,Assoc-acdm,7,Divorced,Machine-op-inspct,Own-child,Amer-Indian-Eskimo,Female,5507,0,54,Germany,>50K
65,State-gov,292755,11th,8,Never-married,Machine-op-inspct,Unmarried,Black,Male,0,1552,66,Philippines,>50K
74,Without-pay,158056,9th,13,Widowed,Handlers-cleaners,Husband,Other,Male,0,0,49,China,<=50K
69,Private,24060,9th,6,Divorced,Prof-specialty,Husband,Other,Male,0,1552,16,India,>50K
77,Never-worked,224057,Masters,5,Divorced,Adm-clerical,Husband,Amer-Indian-Eskimo,Male,0,1552,2,Philippines,<=50K
66,State-gov,487272,Doctorate,15,Never-married,Sales,Husband,Black,Female,0,0,60,Germany,>50K
19,Private,315447,Bachelors,6,Widowed,Tech-support,Not-in-family,Amer-Indian-Eskimo,Female,0,0,54,Philippines,<=50K
18,Private,200279,9th,15,Separated,Machine-op-inspct,Other-relative,Black,Female,5507,0,30,India,>50K
65,Private,216118,11th,2,Widowed,Handlers-cleaners,Not-in-family,Amer-Indian-Eskimo,Male,0,1552,84,Germany,<=50K
79,Without-pay,170359,Some-college,1,Married-civ-spouse,Handlers-cleaners,Not-in-family,Other,Male,0,0,38,United-States,>50K
29,Federal-gov,496925,9th,7,Separated,Other-service,Unmarried,Other,Female,5507,1552,28,India,>50K
22,Without-pay,49711,Some-college,7,Divorced,Sales,Unmarried,White,Female,5507,1552,25,Mexico,>50K
54,Self-emp-not-inc,153026,9th,10,Separated,Farming-fishing,Other-relative,Asian-Pac-Islander,Male,5507,0,96,England,<=50K
49,State-gov,345484,Bachelors,11,Divorced,Adm-clerical,Unmarried,Amer-Indian-Eskimo,Female,0,1552,10,Canada,<=50K
76,Federal-gov,475317,9th,10,Divorced,Prof-specialty,Wife,White,Male,0,1552,60,India,>50K
72,Federal-gov,474736,11th,14,Separated,Exec-managerial,Other-relative,Asian-Pac-Islander,Male,5507,1552,42,Germany,<=50K
26,Federal-gov,228134,9th,2,Divorced,Other-service,Unmarried,Amer-Indian-Eskimo,Male,0,0,40,China,>50K
58,Never-worked,112974,Doctorate,2,Divorced,Adm-clerical,Other-relative,Black,Female,0,0,97,Canada,<=50K
52,Federal-gov,159646,Bachelors,1,Married-civ-spouse,Exec-managerial,Not-in-family,Asian-Pac-Islander,Female,0,0,77,India,>50K
36,Without-pay,412400,11th,10,Widowed,Exec-managerial,Not-in-family,Other,Male,0,0,42,United-States,<=50K
65,Federal-gov,160168,Assoc-acdm,8,Widowed,Sales,Other-relative,White,Female,5507,0,47,China,>50K
33,Local-gov,77728,11th,15,Married-civ-spouse,Sales,Wife,Asian-Pac-Islander,Male,0,1552,37,United-States,>50K
20,State-gov,175088,Doctorate,8,Separated,Tech-support,Wife,Asian-Pac-Islander,Male,0,0,80,Mexico,>50K
37,Federal-gov,21246,Bachelors,1,Never-married,Handlers-cleaners,Other-relative,Other,Male,0,0,22,China,>50K
41,State-gov,448774,Assoc-acdm,12,Never-married,Adm-clerical,Unmarried,Amer-Indian-Eskimo,Male,0,0,57,Philippines,<=50K
71,Local-gov,421597,Doctorate,11,Never-married,Other-service,Own-child,Black,Female,0,0,84,England,>50K
73,Local-gov,399940,Doctorate,8,Married-civ-spouse,Craft-repair,Wife,Other,Male,0,0,27,China,<=50K
50,State-gov,439671,HS-grad,9,Married-civ-spouse,Other-service,Husband,Black,Male,5507,0,41,Canada,<=50K
41,Private,102263,Bachelors,14,Divorced,Tech-support,Not-in-family,Amer-Indian-Eskimo,Female,0,0,80,China,>50K
69,Self-emp-not-inc,407234,11th,4,Never-married,Prof-specialty,Other-relative,Asian-Pac-Islander,Male,0,0,34,Germany,<=50K
28,Never-worked,21302,Some-college,1,Separated,Transport-moving,Husband,Black,Male,0,0,32,England,<=50K
66,Private,339650,Some-college,1,Separated,Transport-moving,Other-relative,White,Female,0,0,90,Germany,<=50K
25,Private,51157,11th,3,Never-married,Handlers-cleaners,Not-in-family,White,Female,0,0,89,Philippines,>50K
53,Without-pay,64917,11th,15,Never-married,Transport-moving,Not-in-family,Other,Female,0,1552,66,China,<=50K
55,Never-worked,233810,Bachelors,14,Never-married,Transport-moving,Wife,Amer-Indian-Eskimo,Male,0,0,12,United-States,<=50K
57,Never-worked,106646,11th,5,Married-civ-spouse,Craft-repair,Wife,Other,Female,0,0,40,United-States,>50K
37,Private,355266,HS-grad,5,Married-civ-spouse,Machine-op-inspct,Husband,Other,Female,0,0,73,India,>50K
79,Federal-gov,296663,Assoc-acdm,9,Married-civ-spouse,Prof-specialty,Other-relative,Other,Male,0,1552,76,Mexico,<=50K
52,Without-pay,490703,11th,10,Widowed,Sales,Not-in-family,White,Male,5507,0,90,Canada,>50K
65,Without-pay,460035,Some-college,14,Separated,Exec-managerial,Husband,White,Male,5507,0,73,England,<=50K
79,Local-gov,353054,11th,12,Separated,Machine-op-inspct,Own-child,Other,Male,0,0,10,Mexico,<=50K
42,Never-worked,392574,HS-grad,2,Divorced,Other-service,Husband,White,Male,0,0,96,China,<=50K
52,Private,343468,9th,2,Married-civ-spouse,Other-service,Unmarried,Amer-Indian-Eskimo,Female,5507,0,98,Mexico,>50K
42,Local-gov,277552,9th,6,Widowed,Transport-moving,Husband,Other,Female,0,0,48,India,<=50K
46,State-gov,69379,Doctorate,15,Widowed,Sales,Unmarried,White,Female,0,0,20,Mexico,>50K
35,Self-emp-not-inc,35053,Masters,9,Separated,Tech-support,Unmarried,Black,Male,0,0,39,England,>50K
63,Without-pay,412662,Assoc-acdm,1,Married-civ-spouse,Adm-clerical,Unmarried,Other,Male,0,1552,60,Philippines,<=50K
35,State-gov,141994,Assoc-voc,9,Divorced,Machine-op-inspct,Own-child,Other,Male,5507,1552,66,India,>50K
19,State-gov,108723,Doctorate,9,Married-civ-spouse,Machine-op-inspct,Husband,Amer-Indian-Eskimo,Female,0,1552,65,Philippines,>50K
71,Federal-gov,61356,9th,13,Never-married,Farming-fishing,Husband,Asian-Pac-Islander,Female,0,1552,51,China,>50K
52,Self-emp-not-inc,282933,Some-college,9,Married-civ-spouse,Prof-specialty,Own-child,Asian-Pac-Islander,Male,0,0,36,India,>50K
33,State-gov,369864,Assoc-voc,5,Never-married,Handlers-cleaners,Not-in-family,Amer-Indian-Eskimo,Female,0,0,24,China,>50K
78,State-gov,338800,Doctorate,13,Never-married,Prof-specialty,Wife,Amer-Indian-Eskimo,Male,0,1552,27,China,<=50K
58,Self-emp-not-inc,316172,Assoc-voc,15,Divorced,Adm-clerical,Husband,Amer-Indian-Eskimo,Female,0,0,2,Mexico,>50K
53,Self-emp-not-inc,336628,Bachelors,9,Separated,Other-service,Wife,Asian-Pac-Islander,Female,5507,1552,31,Philippines,<=50K
50,State-gov,42154,Masters,11,Married-civ-spouse,Other-service,Other-relative,Amer-Indian-Eskimo,Female,0,1552,57,China,<=50K
21,Self-emp-not-inc,223942,Bachelors,4,Never-married,Other-service,Other-relative,White,Male,5507,0,78,Philippines,<=50K
50,State-gov,274480,Assoc-voc,2,Married-civ-spouse,Farming-fishing,Own-child,Other,Female,0,0,66,Philippines,<=50K
31,State-gov,375821,Bachelors,13,Separated,Other-service,Other-relative,Other,Female,0,0,29,India,<=50K
38,Federal-gov,339923,HS-grad,6,Separated,Adm-clerical,Other-relative,Black,Male,0,0,15,Germany,<=50K
65,Private,291173,9th,14,Widowed,Sales,Not-in-family,Black,Female,5507,1552,12,Mexico,>50K
37,State-gov,331345,HS-grad,4,Separated,Handlers-cleaners,Not-in-family,Other,Male,0,1552,28,China,>50K
73,Local-gov,42265,11th,6,Divorced,Adm-clerical,Not-in-family,White,Male,0,0,84,Philippines,>50K
25,Without-pay,375060,Bachelors,3,Never-married,Transport-moving,Other-relative,Asian-Pac-Islander,Male,0,0,24,Canada,<=50K
24,Never-worked,253322,11th,6,Widowed,Handlers-cleaners,Own-child,Asian-Pac-Islander,Male,0,0,21,Germany,>50K
20,Private,184944,Some-college,2,Divorced,Adm-clerical,Unmarried,White,Male,5507,0,10,China,>50K
34,Private,56197,Assoc-acdm,2,Married-civ-spouse,Other-service,Unmarried,Asian-Pac-Islander,Female,0,0,78,Canada,>50K
50,Private,397877,Some-college,13,Never-married,Sales,Wife,Amer-Indian-Eskimo,Male,0,1552,18,Mexico,<=50K
65,Federal-gov,458396,Assoc-voc,9,Separated,Machine-op-inspct,Unmarried,Other,Male,0,0,88,Mexico,>50K
29,State-gov,164782,9th,7,Never-married,Prof-specialty,Unmarried,Other,Male,0,1552,14,Philippines,<=50K
76,Federal-gov,170558,Bachelors,3,Married-civ-spouse,Exec-managerial,Not-in-family,White,Male,0,0,34,Philippines,>50K
68,State-gov,81907,Doctorate,13,Widowed,Sales,Not-in-family,Asian-Pac-Islander,Female,0,0,58,England,<=50K
39,Federal-gov,401020,Assoc-acdm,11,Widowed,Machine-op-inspct,Other-relative,Black,Male,0,0,76,England,<=50K
72,Federal-gov,212967,Masters,1,Widowed,Tech-support,Wife,Black,Female,5507,0,22,China,<=50K
39,Without-pay,336579,Masters,8,Separated,Adm-clerical,Husband,Asian-Pac-Islander,Male,0,0,70,India,>50K
63,Local-gov,312775,Masters,14,Divorced,Tech-support,Wife,Black,Female,0,1552,36,Germany,>50K
47,Federal-gov,401182,Bachelors,6,Divorced,Machine-op-inspct,Wife,White,Male,0,0,45,China,<=50K
55,Without-pay,242604,Masters,7,Never-married,Sales,Own-child,White,Male,5507,0,36,Germany,>50K
55,Self-emp-not-inc,292247,HS-grad,9,Separated,Adm-clerical,Other-relative,Asian-Pac-Islander,Female,0,1552,22,Philippines,<=50K
62,Local-gov,74772,Assoc-acdm,5,Widowed,Transport-moving,Own-child,Black,Male,0,0,78,Mexico,<=50K
68,Federal-gov,136108,HS-grad,15,Widowed,Exec-managerial,Wife,White,Female,0,1552,80,Philippines,>50K
71,Never-worked,24382,Assoc-acdm,1,Married-civ-spouse,Other-service,Wife,White,Male,0,1552,61,Mexico,>50K
25,Private,94291,HS-grad,12,Married-civ-spouse,Adm-clerical,Wife,Amer-Indian-Eskimo,Female,0,0,56,England,>50K
44,Self-emp-not-inc,373339,Assoc-acdm,10,Widowed,Transport-moving,Unmarried,Amer-Indian-Eskimo,Male,0,0,89,China,<=50K
44,Self-emp-not-inc,144828,11th,7,Widowed,Adm-clerical,Own-child,White,Male,0,1552,96,England,<=50K
51,Without-pay,292753,Bachelors,15,Separated,Sales,Wife,Asian-Pac-Islander,Female,0,1552,33,Mexico,>50K
38,Self-emp-not-inc,157550,Bachelors,5,Divorced,Transport-moving,Not-in-family,Other,Male,0,0,45,Philippines,<=50K
47,Local-gov,242050,Masters,3,Married-civ-spouse,Sales,Other-relative,Other,Male,0,0,36,England,>50K
50,Federal-gov,442882,Some-college,12,Divorced,Machine-op-inspct,Other-relative,White,Male,0,0,20,United-States,<=50K
45,Federal-gov,347827,Masters,13,Separated,Craft-repair,Not-in-family,White,Male,0,0,18,Germany,>50K
64,Never-worked,396858,Assoc-voc,9,Widowed,Adm-clerical,Other-relative,White,Male,5507,0,38,Canada,>50K
50,Private,140330,HS-grad,1,Divorced,Prof-specialty,Unmarried,Asian-Pac-Islander,Male,0,0,67,Mexico,<=50K
22,Without-pay,81315,Assoc-acdm,1,Widowed,Adm-clerical,Unmarried,Amer-Indian-Eskimo,Female,5507,1552,23,Mexico,>50K
77,Private,349978,Some-college,1,Widowed,Machine-op-inspct,Husband,White,Female,0,1552,96,United-States,>50K
78,Self-emp-not-inc,398349,Assoc-voc,3,Never-married,Handlers-cleaners,Husband,White,Female,0,0,16,China,<=50K
65,Never-worked,24153,Bachelors,12,Divorced,Tech-support,Husband,Black,Male,5507,0,59,China,>50K
36,Private,86325,Bachelors,6,Divorced,Other-service,Other-relative,Asian-Pac-Islander,Female,5507,1552,69,China,<=50K
21,Local-gov,250773,Masters,10,Widowed,Transport-moving,Unmarried,White,Male,0,0,68,Canada,>50K
52,Federal-gov,416215,HS-grad,11,Separated,Craft-repair,Unmarried,Black,Male,0,1552,21,India,<=50K
66,Self-emp-not-inc,65318,Some-college,3,Never-married,Exec-managerial,Unmarried,Other,Male,0,1552,78,United-States,>50K
34,Never-worked,404030,9th,8,Widowed,Exec-managerial,Not-in-family,White,Male,0,0,95,Canada,>50K
61,Private,387177,Assoc-voc,14,Married-civ-spouse,Exec-managerial,Unmarried,White,Female,0,0,78,England,>50K
45,Without-pay,86077,Assoc-voc,14,Married-civ-spouse,Sales,Not-in-family,Black,Male,0,1552,70,United-States,>50K
47,Local-gov,362618,Masters,10,Never-married,Exec-managerial,Husband,Asian-Pac-Islander,Female,0,0,12,Mexico,<=50K
46,Local-gov,143515,Bachelors,2,Separated,Other-service,Husband,White,Male,0,0,16,Germany,<=50K
63,Private,479209,Masters,14,Widowed,Tech-support,Other-relative,Other,Female,0,1552,81,United-States,<=50K
70,Federal-gov,216988,Assoc-acdm,9,Divorced,Exec-managerial,Husband,White,Female,5507,0,87,India,<=50K
23,Private,345463,Some-college,3,Never-married,Adm-clerical,Other-relative,Other,Female,0,0,14,Philippines,<=50K
52,Self-emp-not-inc,135885,HS-grad,5,Separated,Adm-clerical,Wife,Amer-Indian-Eskimo,Female,5507,0,61,England,<=50K
77,Private,381921,11th,10,Divorced,Sales,Wife,Amer-Indian-Eskimo,Female,0,1552,71,Canada,<=50K
58,Local-gov,27368,Doctorate,8,Married-civ-spouse,Other-service,Own-child,Other,Female,0,0,46,England,>50K
54,Never-worked,156400,Doctorate,2,Married-civ-spouse,Tech-support,Other-relative,Asian-Pac-Islander,Male,0,0,32,England,>50K
41,Private,198014,Masters,6,Divorced,Craft-repair,Own-child,White,Female,0,0,15,United-States,>50K
46,Federal-gov,101751,Assoc-acdm,12,Never-married,Machine-op-inspct,Own-child,White,Male,0,0,44,United-States,>50K
66,Never-worked,240203,Some-college,5,Married-civ-spouse,Tech-support,Wife,Amer-Indian-Eskimo,Female,5507,1552,17,India,<=50K
63,Without-pay,299450,9th,13,Widowed,Machine-op-inspct,Other-relative,Other,Male,5507,0,41,Germany,<=50K
70,State-gov,488667,Doctorate,10,Divorced,Handlers-cleaners,Wife,White,Female,0,0,54,United-States,<=50K
48,Private,180987,Some-college,9,Divorced,Machine-op-inspct,Own-child,White,Female,5507,0,44,United-States,>50K
52,Federal-gov,309363,HS-grad,12,Married-civ-spouse,Prof-specialty,Other-relative,Asian-Pac-Islander,Male,0,1552,98,Germany,<=50K
77,Never-worked,221951,Assoc-acdm,5,Never-married,Adm-clerical,Own-child,Black,Female,0,0,5,India,>50K
50,Federal-gov,205716,Bachelors,2,Widowed,Other-service,Unmarried,Amer-Indian-Eskimo,Female,0,0,27,Canada,<=50K
69,Without-pay,70279,Some-college,5,Never-married,Farming-fishing,Other-relative,Amer-Indian-Eskimo,Female,5507,1552,87,England,<=50K
78,Local-gov,325172,HS-grad,15,Separated,Sales,Other-relative,Black,Male,5507,0,78,Canada,<=50K
38,Federal-gov,376407,9th,12,Separated,Prof-specialty,Own-child,White,Female,0,0,79,United-States,<=50K
49,Never-worked,10126,11th,4,Married-civ-spouse,Machine-op-inspct,Unmarried,Asian-Pac-Islander,Male,0,0,43,Germany,>50K
40,Federal-gov,324473,Bachelors,15,Married-civ-spouse,Exec-managerial,Not-in-family,Asian-Pac-Islander,Female,0,0,97,United-States,>50K
50,Federal-gov,37632,11th,11,Married-civ-spouse,Other-service,Wife,Amer-Indian-Eskimo,Female,0,0,31,China,<=50K
20,Federal-gov,206382,9th,7,Separated,Prof-specialty,Own-child,Asian-Pac-Islander,Male,0,0,17,Philippines,>50K
35,Self-emp-not-inc,119945,HS-grad,6,Never-married,Sales,Other-relative,Black,Female,0,0,92,Canada,<=50K
42,Self-emp-not-inc,327320,Doctorate,14,Never-married,Adm-clerical,Wife,White,Female,0,0,83,China,<=50K
59,Local-gov,260869,11th,2,Married-civ-spouse,Other-service,Wife,Black,Male,0,0,54,Mexico,<=50K
48,Private,227138,Bachelors,12,Widowed,Sales,Wife,Other,Female,0,0,62,Philippines,<=50K
71,Federal-gov,185399,Masters,11,Never-married,Handlers-cleaners,Not-in-family,Amer-Indian-Eskimo,Male,5507,0,87,United-States,>50K
75,Without-pay,472120,Assoc-voc,11,Separated,Handlers-cleaners,Husband,Asian-Pac-Islander,Male,0,1552,32,India,<=50K
20,Private,144869,Some-college,13,Divorced,Sales,Own-child,Other,Male,0,0,40,Canada,<=50K
57,Without-pay,188954,Doctorate,5,Divorced,Prof-specialty,Husband,Asian-Pac-Islander,Female,0,0,13,Mexico,>50K
63,Private,154790,11th,7,Divorced,Other-service,Husband,White,Male,5507,1552,84,Philippines,<=50K
41,Local-gov,44560,Some-college,11,Widowed,Prof-specialty,Husband,White,Male,5507,0,35,Canada,>50K
67,Federal-gov,348733,Masters,7,Married-civ-spouse,Craft-repair,Wife,White,Female,5507,1552,5,Germany,<=50K
49,Federal-gov,294260,9th,15,Separated,Machine-op-inspct,Unmarried,Asian-Pac-Islander,Male,0,0,73,India,<=50K
64,State-gov,439460,Assoc-voc,5,Widowed,Craft-repair,Wife,Other,Female,0,0,29,Philippines,<=50K
